id	path	sample	role	size_bytes	sha256	lineage	producer_name	producer_version	producer_database	status	redistribution_license	redistribution_permission	validation_code_commit	validation_checks
artifact-data-bk71a-derived-restored-bk71a-restored-gbff	data/BK71A/derived/restored/BK71A-restored.gbff	BK71A	derived_output	11260518	e21ca2bebc022183af1e3c44cf30e2d29ec5fc551b606a60cd660fe16cd8c8b9	[]	enrich-bakta	0.2.0	not-applicable	historical_unverified	CC-BY-4.0	owner-authorized		"[""owner-authorized-publication""]"
artifact-data-bk71a-evidence-interproscan-bk71a-interproscan-gff3	data/BK71A/evidence/interproscan/BK71A.interproscan.gff3	BK71A	functional_evidence	147670717	a827963602a2143747b7313b300c850fcaf1bfc967de09564a95afb9953e859a	[]	InterProScan	5.59-91.0	InterPro and bundled member databases	historical_unverified	CC-BY-4.0	owner-authorized		"[""format-boundary-checked"",""interproscan-version-5.59-91.0"",""owner-authorized-publication""]"
artifact-data-bk71a-evidence-interproscan-bk71a-interproscan-json	data/BK71A/evidence/interproscan/BK71A.interproscan.json	BK71A	functional_evidence	823138682	7b6805fc2b00def04c2ddced9471bf6ed16ea34683d426adc06bc55bb3b9282c	[]	InterProScan	5.59-91.0	InterPro and bundled member databases	historical_unverified	CC-BY-4.0	owner-authorized		"[""format-boundary-checked"",""interproscan-version-5.59-91.0"",""owner-authorized-publication""]"
artifact-data-bk71a-evidence-interproscan-bk71a-interproscan-tsv	data/BK71A/evidence/interproscan/BK71A.interproscan.tsv	BK71A	functional_evidence	131729054	0b44aab2a511ebec53f1fd78ae004674ad060c3acb44a2a31864bdbfd974aa21	[]	InterProScan	5.59-91.0	InterPro and bundled member databases	historical_unverified	CC-BY-4.0	owner-authorized		"[""format-boundary-checked"",""interproscan-version-5.59-91.0"",""owner-authorized-publication""]"
artifact-data-c14-bakta-c14-nmz-faa	data/C14/bakta/C14-NMZ.faa	C14	upstream_input	1712328	955a8af2a91fd2411774ee1c1c4a8bb178c1f733d37aa8a5f6ac35b358e2b09f	[]	Bakta	not-recorded	not-recorded	historical_unverified	CC-BY-4.0	owner-authorized		"[""owner-authorized-publication""]"
artifact-data-c14-bakta-c14-nmz-gbff	data/C14/bakta/C14-NMZ.gbff	C14	upstream_input	13400323	8fbb0f56ffd91fa18dacc0c6d67bc9b2e4efede04f476238786d2db9fba6feab	[]	Bakta	not-recorded	not-recorded	historical_unverified	CC-BY-4.0	owner-authorized		"[""owner-authorized-publication""]"
artifact-data-c14-bakta-c14-nmz-hypotheticals-faa	data/C14/bakta/C14-NMZ.hypotheticals.faa	C14	upstream_input	15514	d21fada239e0f8cd5b38eb81f35d6f3a5d80c459ccfa636f86449376415e15fe	[]	Bakta	not-recorded	not-recorded	historical_unverified	CC-BY-4.0	owner-authorized		"[""owner-authorized-publication""]"
artifact-data-c14-baktfold-c14-nmz-faa	data/C14/baktfold/C14_NMZ.faa	C14	annotation_source	1712489	8ef31dedb34609e4c41738b87ee75f61a5018e693834a19461d6f32ef454145b	[]	Baktfold	not-recorded	not-recorded	historical_unverified	CC-BY-4.0	owner-authorized		"[""owner-authorized-publication""]"
artifact-data-c14-baktfold-c14-nmz-gbff	data/C14/baktfold/C14_NMZ.gbff	C14	annotation_source	13597937	a2b1d90554291f7d78b4a57179191a17d0652181cfa0ffd0bce05dd9c8b88210	[]	Baktfold	not-recorded	not-recorded	historical_unverified	CC-BY-4.0	owner-authorized		"[""owner-authorized-publication""]"
artifact-data-c14-baktfold-c14-nmz-hypotheticals-faa	data/C14/baktfold/C14_NMZ.hypotheticals.faa	C14	annotation_source	0	e3b0c44298fc1c149afbf4c8996fb92427ae41e4649b934ca495991b7852b855	[]	Baktfold	not-recorded	not-recorded	historical_unverified	CC-BY-4.0	owner-authorized		"[""owner-authorized-publication""]"
artifact-data-c14-derived-enriched-c14-nmz-eggnog-enriched-gbff	data/C14/derived/enriched/C14-NMZ-eggnog-enriched.gbff	C14	derived_output	15260217	3a6c4cebcfb497a9f0c0b754ae677effa292e8af909a4249a1abea675f3affd7	"[""artifact-data-c14-bakta-c14-nmz-faa"",""artifact-data-c14-bakta-c14-nmz-gbff"",""artifact-data-c14-bakta-c14-nmz-hypotheticals-faa"",""artifact-data-c14-baktfold-c14-nmz-faa"",""artifact-data-c14-baktfold-c14-nmz-gbff"",""artifact-data-c14-baktfold-c14-nmz-hypotheticals-faa"",""artifact-data-c14-evidence-c14-kofamkoala-txt"",""artifact-data-c14-evidence-c14-nmz-emapper-annotations-xlsx"",""artifact-data-c14-evidence-c14-nmz-query-emapper-annotations"",""artifact-data-c14-evidence-c14-nmz-query-emapper-hits"",""artifact-data-c14-evidence-c14-nmz-query-emapper-seed-orthologs"",""artifact-data-c14-evidence-c14-nmz-query-emapper-seed-orthologs-sorted""]"	enrich-bakta	0.3.0	not-applicable	historical_unverified	CC-BY-4.0	owner-authorized		"[""owner-authorized-publication""]"
artifact-data-c14-derived-enriched-c14-nmz-eggnog-enriched-manifest-json	data/C14/derived/enriched/C14-NMZ-eggnog-enriched.manifest.json	C14	derived_output	97887354	aa5c7a5288614105d938f7ae4c0428749e794117893bcfd73f00f2c9a388ee16	"[""artifact-data-c14-bakta-c14-nmz-faa"",""artifact-data-c14-bakta-c14-nmz-gbff"",""artifact-data-c14-bakta-c14-nmz-hypotheticals-faa"",""artifact-data-c14-baktfold-c14-nmz-faa"",""artifact-data-c14-baktfold-c14-nmz-gbff"",""artifact-data-c14-baktfold-c14-nmz-hypotheticals-faa"",""artifact-data-c14-evidence-c14-kofamkoala-txt"",""artifact-data-c14-evidence-c14-nmz-emapper-annotations-xlsx"",""artifact-data-c14-evidence-c14-nmz-query-emapper-annotations"",""artifact-data-c14-evidence-c14-nmz-query-emapper-hits"",""artifact-data-c14-evidence-c14-nmz-query-emapper-seed-orthologs"",""artifact-data-c14-evidence-c14-nmz-query-emapper-seed-orthologs-sorted""]"	enrich-bakta	0.3.0	not-applicable	historical_unverified	CC-BY-4.0	owner-authorized		"[""owner-authorized-publication""]"
artifact-data-c14-derived-restored-c14-nmz-eggnog-restored-gbff	data/C14/derived/restored/C14-NMZ-eggnog-restored.gbff	C14	derived_output	13401339	5b8c78b99998ae661a6f21a8d7d0163e536554920b558c273c207f84a6281e69	"[""artifact-data-c14-bakta-c14-nmz-faa"",""artifact-data-c14-bakta-c14-nmz-gbff"",""artifact-data-c14-bakta-c14-nmz-hypotheticals-faa"",""artifact-data-c14-baktfold-c14-nmz-faa"",""artifact-data-c14-baktfold-c14-nmz-gbff"",""artifact-data-c14-baktfold-c14-nmz-hypotheticals-faa"",""artifact-data-c14-evidence-c14-kofamkoala-txt"",""artifact-data-c14-evidence-c14-nmz-emapper-annotations-xlsx"",""artifact-data-c14-evidence-c14-nmz-query-emapper-annotations"",""artifact-data-c14-evidence-c14-nmz-query-emapper-hits"",""artifact-data-c14-evidence-c14-nmz-query-emapper-seed-orthologs"",""artifact-data-c14-evidence-c14-nmz-query-emapper-seed-orthologs-sorted""]"	enrich-bakta	0.3.0	not-applicable	historical_unverified	CC-BY-4.0	owner-authorized		"[""owner-authorized-publication""]"
artifact-data-c14-derived-restored-c14-nmz-eggnog-restored-manifest-json	data/C14/derived/restored/C14-NMZ-eggnog-restored.manifest.json	C14	derived_output	13005	854d193ddc2e0139306607405da357ddbff23a4afa8e24834568fc400a492f96	"[""artifact-data-c14-bakta-c14-nmz-faa"",""artifact-data-c14-bakta-c14-nmz-gbff"",""artifact-data-c14-bakta-c14-nmz-hypotheticals-faa"",""artifact-data-c14-baktfold-c14-nmz-faa"",""artifact-data-c14-baktfold-c14-nmz-gbff"",""artifact-data-c14-baktfold-c14-nmz-hypotheticals-faa"",""artifact-data-c14-evidence-c14-kofamkoala-txt"",""artifact-data-c14-evidence-c14-nmz-emapper-annotations-xlsx"",""artifact-data-c14-evidence-c14-nmz-query-emapper-annotations"",""artifact-data-c14-evidence-c14-nmz-query-emapper-hits"",""artifact-data-c14-evidence-c14-nmz-query-emapper-seed-orthologs"",""artifact-data-c14-evidence-c14-nmz-query-emapper-seed-orthologs-sorted""]"	enrich-bakta	0.3.0	not-applicable	historical_unverified	CC-BY-4.0	owner-authorized		"[""owner-authorized-publication""]"
artifact-data-c14-evidence-c14-kofamkoala-txt	data/C14/evidence/C14-KofamKOALA.txt	C14	functional_evidence	344129	6a081d87fe96682081a3d63a185781f9cd185d5fd6584861b9fe1bfab2981342	[]	KofamScan	not-recorded	not-recorded	historical_unverified	CC-BY-4.0	owner-authorized		"[""owner-authorized-publication""]"
artifact-data-c14-evidence-c14-nmz-emapper-annotations-xlsx	data/C14/evidence/C14-NMZ-emapper_annotations.xlsx	C14	functional_evidence	758684	5ba3a01354d9be617224eacfb5541e8fb35ecf0266139952b880955f927d524d	[]	eggNOG-mapper	3.0.0-beta6	not-recorded	historical_unverified	CC-BY-4.0	owner-authorized		"[""owner-authorized-publication""]"
artifact-data-c14-evidence-c14-nmz-query-emapper-annotations	data/C14/evidence/C14-NMZ-query.emapper.annotations	C14	functional_evidence	1281682	ef1b713b307b2f2a14947edc6808d70cf0021b0e8b66e7ab235ce3ddbc957987	[]	eggNOG-mapper	3.0.0-beta6	not-recorded	historical_unverified	CC-BY-4.0	owner-authorized		"[""owner-authorized-publication""]"
artifact-data-c14-evidence-c14-nmz-query-emapper-hits	data/C14/evidence/C14-NMZ-query.emapper.hits	C14	functional_evidence	400407	16d6efb8ed83bd3f240b0b5f790a5bbe311b55ff1a0ee60fb544862c669ce73a	[]	eggNOG-mapper	3.0.0-beta6	not-recorded	historical_unverified	CC-BY-4.0	owner-authorized		"[""owner-authorized-publication""]"
artifact-data-c14-evidence-c14-nmz-query-emapper-seed-orthologs	data/C14/evidence/C14-NMZ-query.emapper.seed_orthologs	C14	functional_evidence	306565	11c08aa4adddb28fab72b9ef999bca7c71344efcc582c9aef5c1fa11e377bcac	[]	eggNOG-mapper	3.0.0-beta6	not-recorded	historical_unverified	CC-BY-4.0	owner-authorized		"[""owner-authorized-publication""]"
artifact-data-c14-evidence-c14-nmz-query-emapper-seed-orthologs-sorted	data/C14/evidence/C14-NMZ-query.emapper.seed_orthologs.sorted	C14	functional_evidence	305761	40b477bee2c94be7085534bce1f68ffb130d412cb351783e927d78f0398b8dcd	[]	eggNOG-mapper	3.0.0-beta6	not-recorded	historical_unverified	CC-BY-4.0	owner-authorized		"[""owner-authorized-publication""]"
artifact-data-c14-evidence-interproscan-c14-nmz-interproscan-gff3	data/C14/evidence/interproscan/C14-NMZ.interproscan.gff3	C14	functional_evidence	176427419	8c3fc56a24c208a8fd3cb720f30e8c5d8e2533b0419806935e6f20a51a773a56	"[""artifact-data-c14-bakta-c14-nmz-faa""]"	InterProScan	5.59-91.0	InterPro and bundled member databases	historical_unverified	CC-BY-4.0	owner-authorized		"[""format-boundary-checked"",""interproscan-version-5.59-91.0"",""owner-authorized-publication""]"
artifact-data-c14-evidence-interproscan-c14-nmz-interproscan-json	data/C14/evidence/interproscan/C14-NMZ.interproscan.json	C14	functional_evidence	997020038	cc992aa4a648490610ea83d7276ea054031f91270485220f8dfef38ca4891d69	"[""artifact-data-c14-bakta-c14-nmz-faa""]"	InterProScan	5.59-91.0	InterPro and bundled member databases	historical_unverified	CC-BY-4.0	owner-authorized		"[""format-boundary-checked"",""interproscan-version-5.59-91.0"",""owner-authorized-publication""]"
artifact-data-c14-evidence-interproscan-c14-nmz-interproscan-tsv	data/C14/evidence/interproscan/C14-NMZ.interproscan.tsv	C14	functional_evidence	157031166	5de249ac97ed468bdae75c5ab483d91f5d2f613e7dbbc2e922ee263ec441ac6b	"[""artifact-data-c14-bakta-c14-nmz-faa""]"	InterProScan	5.59-91.0	InterPro and bundled member databases	historical_unverified	CC-BY-4.0	owner-authorized		"[""format-boundary-checked"",""interproscan-version-5.59-91.0"",""owner-authorized-publication""]"
artifact-data-sm-bakta-sm-nmz-faa	data/SM/bakta/SM-NMZ.faa	SM	upstream_input	1679823	a6de8205c333014263fabe05aff97d99c2355986ee6712cb5563b3332173d317	[]	Bakta	not-recorded	not-recorded	historical_unverified	CC-BY-4.0	owner-authorized		"[""owner-authorized-publication""]"
artifact-data-sm-bakta-sm-nmz-gbff	data/SM/bakta/SM-NMZ.gbff	SM	upstream_input	13135523	27b2c31b17a9a4b838c98a10c8165a6cd6e4f91859df72e75364f189478bef2d	[]	Bakta	not-recorded	not-recorded	historical_unverified	CC-BY-4.0	owner-authorized		"[""owner-authorized-publication""]"
artifact-data-sm-bakta-sm-nmz-hypotheticals-faa	data/SM/bakta/SM-NMZ.hypotheticals.faa	SM	upstream_input	23620	1e046ed052f9b54679d71a42ff22d84df7fc5ab59522b4be943932bdf1cc6517	[]	Bakta	not-recorded	not-recorded	historical_unverified	CC-BY-4.0	owner-authorized		"[""owner-authorized-publication""]"
artifact-data-sm-baktfold-sm-nmz-faa	data/SM/baktfold/SM_NMZ.faa	SM	annotation_source	1680177	11e9ae1e54d892f6502364ec95ba0bb5dcdde5056708c50a1340c91af4a88e5c	[]	Baktfold	not-recorded	not-recorded	historical_unverified	CC-BY-4.0	owner-authorized		"[""owner-authorized-publication""]"
artifact-data-sm-baktfold-sm-nmz-gbff	data/SM/baktfold/SM_NMZ.gbff	SM	annotation_source	13328339	cc0606ad10f6a03ad7c5235e07da40a6590f0de2913f0271c3ef04e11bffa99e	[]	Baktfold	not-recorded	not-recorded	historical_unverified	CC-BY-4.0	owner-authorized		"[""owner-authorized-publication""]"
artifact-data-sm-baktfold-sm-nmz-hypotheticals-faa	data/SM/baktfold/SM_NMZ.hypotheticals.faa	SM	annotation_source	0	e3b0c44298fc1c149afbf4c8996fb92427ae41e4649b934ca495991b7852b855	[]	Baktfold	not-recorded	not-recorded	historical_unverified	CC-BY-4.0	owner-authorized		"[""owner-authorized-publication""]"
artifact-data-sm-derived-enriched-sm-nmz-eggnog-enriched-gbff	data/SM/derived/enriched/SM-NMZ-eggnog-enriched.gbff	SM	derived_output	14975520	6513327169594fb9c09b18a5ced830aca66f06ee3baa6beae60eb1fdd955878b	"[""artifact-data-sm-bakta-sm-nmz-faa"",""artifact-data-sm-bakta-sm-nmz-gbff"",""artifact-data-sm-bakta-sm-nmz-hypotheticals-faa"",""artifact-data-sm-baktfold-sm-nmz-faa"",""artifact-data-sm-baktfold-sm-nmz-gbff"",""artifact-data-sm-baktfold-sm-nmz-hypotheticals-faa"",""artifact-data-sm-evidence-sm-kofamkoala-txt"",""artifact-data-sm-evidence-sm-nmz-emapper-annotations-xlsx"",""artifact-data-sm-evidence-sm-nmz-query-emapper-annotations"",""artifact-data-sm-evidence-sm-nmz-query-emapper-hits"",""artifact-data-sm-evidence-sm-nmz-query-emapper-seed-orthologs"",""artifact-data-sm-evidence-sm-nmz-query-emapper-seed-orthologs-sorted""]"	enrich-bakta	0.3.0	not-applicable	historical_unverified	CC-BY-4.0	owner-authorized		"[""owner-authorized-publication""]"
artifact-data-sm-derived-enriched-sm-nmz-eggnog-enriched-manifest-json	data/SM/derived/enriched/SM-NMZ-eggnog-enriched.manifest.json	SM	derived_output	96763250	745527425347e010ae1441ae42d975249d8d67a1e494dab18c1a2589b4672dec	"[""artifact-data-sm-bakta-sm-nmz-faa"",""artifact-data-sm-bakta-sm-nmz-gbff"",""artifact-data-sm-bakta-sm-nmz-hypotheticals-faa"",""artifact-data-sm-baktfold-sm-nmz-faa"",""artifact-data-sm-baktfold-sm-nmz-gbff"",""artifact-data-sm-baktfold-sm-nmz-hypotheticals-faa"",""artifact-data-sm-evidence-sm-kofamkoala-txt"",""artifact-data-sm-evidence-sm-nmz-emapper-annotations-xlsx"",""artifact-data-sm-evidence-sm-nmz-query-emapper-annotations"",""artifact-data-sm-evidence-sm-nmz-query-emapper-hits"",""artifact-data-sm-evidence-sm-nmz-query-emapper-seed-orthologs"",""artifact-data-sm-evidence-sm-nmz-query-emapper-seed-orthologs-sorted""]"	enrich-bakta	0.3.0	not-applicable	historical_unverified	CC-BY-4.0	owner-authorized		"[""owner-authorized-publication""]"
artifact-data-sm-derived-restored-sm-nmz-eggnog-restored-gbff	data/SM/derived/restored/SM-NMZ-eggnog-restored.gbff	SM	derived_output	13137534	17e76587be6ff2c169426379cf288cdcd3c20d1e3a92d72e9b564a4981648076	"[""artifact-data-sm-bakta-sm-nmz-faa"",""artifact-data-sm-bakta-sm-nmz-gbff"",""artifact-data-sm-bakta-sm-nmz-hypotheticals-faa"",""artifact-data-sm-baktfold-sm-nmz-faa"",""artifact-data-sm-baktfold-sm-nmz-gbff"",""artifact-data-sm-baktfold-sm-nmz-hypotheticals-faa"",""artifact-data-sm-evidence-sm-kofamkoala-txt"",""artifact-data-sm-evidence-sm-nmz-emapper-annotations-xlsx"",""artifact-data-sm-evidence-sm-nmz-query-emapper-annotations"",""artifact-data-sm-evidence-sm-nmz-query-emapper-hits"",""artifact-data-sm-evidence-sm-nmz-query-emapper-seed-orthologs"",""artifact-data-sm-evidence-sm-nmz-query-emapper-seed-orthologs-sorted""]"	enrich-bakta	0.3.0	not-applicable	historical_unverified	CC-BY-4.0	owner-authorized		"[""owner-authorized-publication""]"
artifact-data-sm-derived-restored-sm-nmz-eggnog-restored-manifest-json	data/SM/derived/restored/SM-NMZ-eggnog-restored.manifest.json	SM	derived_output	19406	43e176133a42e40f7246e3983ae15dd58aebbe476a36c0e3b7b08e4c0f07c133	"[""artifact-data-sm-bakta-sm-nmz-faa"",""artifact-data-sm-bakta-sm-nmz-gbff"",""artifact-data-sm-bakta-sm-nmz-hypotheticals-faa"",""artifact-data-sm-baktfold-sm-nmz-faa"",""artifact-data-sm-baktfold-sm-nmz-gbff"",""artifact-data-sm-baktfold-sm-nmz-hypotheticals-faa"",""artifact-data-sm-evidence-sm-kofamkoala-txt"",""artifact-data-sm-evidence-sm-nmz-emapper-annotations-xlsx"",""artifact-data-sm-evidence-sm-nmz-query-emapper-annotations"",""artifact-data-sm-evidence-sm-nmz-query-emapper-hits"",""artifact-data-sm-evidence-sm-nmz-query-emapper-seed-orthologs"",""artifact-data-sm-evidence-sm-nmz-query-emapper-seed-orthologs-sorted""]"	enrich-bakta	0.3.0	not-applicable	historical_unverified	CC-BY-4.0	owner-authorized		"[""owner-authorized-publication""]"
artifact-data-sm-evidence-sm-kofamkoala-txt	data/SM/evidence/SM-KofamKOALA.txt	SM	functional_evidence	337362	54eaede6993296db680b91598f32cb6a52d492219ea991911353a3206db7be7d	[]	KofamScan	not-recorded	not-recorded	historical_unverified	CC-BY-4.0	owner-authorized		"[""owner-authorized-publication""]"
artifact-data-sm-evidence-sm-nmz-emapper-annotations-xlsx	data/SM/evidence/SM-NMZ-emapper_annotations.xlsx	SM	functional_evidence	746743	1278cf85c3ac647c805f395f0a6bb5e602ef6c1b480639e64979d289f7cb26bd	[]	eggNOG-mapper	3.0.0-beta6	not-recorded	historical_unverified	CC-BY-4.0	owner-authorized		"[""owner-authorized-publication""]"
artifact-data-sm-evidence-sm-nmz-query-emapper-annotations	data/SM/evidence/SM-NMZ-query.emapper.annotations	SM	functional_evidence	1266182	f1b082d16fe1eb350457f49148042d838a1354ecd64ff513237085e21cb0443a	[]	eggNOG-mapper	3.0.0-beta6	not-recorded	historical_unverified	CC-BY-4.0	owner-authorized		"[""owner-authorized-publication""]"
artifact-data-sm-evidence-sm-nmz-query-emapper-hits	data/SM/evidence/SM-NMZ-query.emapper.hits	SM	functional_evidence	396328	8f50e0ad4e9cc01ff665a2513278d61b71b08dfc3673d29493393e02d1b9e7fe	[]	eggNOG-mapper	3.0.0-beta6	not-recorded	historical_unverified	CC-BY-4.0	owner-authorized		"[""owner-authorized-publication""]"
artifact-data-sm-evidence-sm-nmz-query-emapper-seed-orthologs	data/SM/evidence/SM-NMZ-query.emapper.seed_orthologs	SM	functional_evidence	302197	8045180673ba4431159c54e708d8594dc09707870ba384209c5320933dc9b0aa	[]	eggNOG-mapper	3.0.0-beta6	not-recorded	historical_unverified	CC-BY-4.0	owner-authorized		"[""owner-authorized-publication""]"
artifact-data-sm-evidence-sm-nmz-query-emapper-seed-orthologs-sorted	data/SM/evidence/SM-NMZ-query.emapper.seed_orthologs.sorted	SM	functional_evidence	301393	f0f1b4e060edcd884ba25b0cb909af908fab88dd7cb4e4ffbd1b2aabe8057bdd	[]	eggNOG-mapper	3.0.0-beta6	not-recorded	historical_unverified	CC-BY-4.0	owner-authorized		"[""owner-authorized-publication""]"
artifact-data-sm-evidence-interproscan-sm-nmz-interproscan-gff3	data/SM/evidence/interproscan/SM-NMZ.interproscan.gff3	SM	functional_evidence	172655728	9cfb5bc785c48f14bcb38e748e79b37c66c5107af07efacd19775471cd6b7f67	"[""artifact-data-sm-bakta-sm-nmz-faa""]"	InterProScan	5.59-91.0	InterPro and bundled member databases	historical_unverified	CC-BY-4.0	owner-authorized		"[""format-boundary-checked"",""interproscan-version-5.59-91.0"",""owner-authorized-publication""]"
artifact-data-sm-evidence-interproscan-sm-nmz-interproscan-json	data/SM/evidence/interproscan/SM-NMZ.interproscan.json	SM	functional_evidence	976373653	6df5770d87204131b42b24f8bb9f0726e9662518e21a78da4b75e5edb8cf2bd2	"[""artifact-data-sm-bakta-sm-nmz-faa""]"	InterProScan	5.59-91.0	InterPro and bundled member databases	historical_unverified	CC-BY-4.0	owner-authorized		"[""format-boundary-checked"",""interproscan-version-5.59-91.0"",""owner-authorized-publication""]"
artifact-data-sm-evidence-interproscan-sm-nmz-interproscan-tsv	data/SM/evidence/interproscan/SM-NMZ.interproscan.tsv	SM	functional_evidence	153607485	3cb5f0e8b6723faae26f450c4cc288526452cd8e9483e7aa0920029f2d3f29fe	"[""artifact-data-sm-bakta-sm-nmz-faa""]"	InterProScan	5.59-91.0	InterPro and bundled member databases	historical_unverified	CC-BY-4.0	owner-authorized		"[""format-boundary-checked"",""interproscan-version-5.59-91.0"",""owner-authorized-publication""]"
